2025-11-08T00:29:52.664Z,Query.ListCategories,0.008,1
2025-11-08T00:30:06.411Z,Category.Create,0.021,1
2025-11-08T00:30:09.500Z,Query.ListCategories,0.015,1
2025-11-08T00:30:21.769Z,Category.Delete,0.025,1
2025-11-08T00:30:32.430Z,Category.Create,0.017,1
2025-11-08T00:30:37.862Z,Category.Delete,0.019,0
2025-11-08T00:30:49.408Z,Category.Create,0.019,1
2025-11-08T00:30:51.907Z,Query.ListCategories,0.016,1
2025-11-08T00:31:11.132Z,Query.ListCategories,0.014,1
2025-11-08T00:31:18.263Z,Category.Create,0.016,1
2025-11-08T00:31:25.262Z,Category.Create,0.018,1
2025-11-08T00:31:27.226Z,Query.ListCategories,0.015,1
